{
    "accuracy": [
        68.87500137090683,
        72.166668176651,
        76.95833444595337,
        71.4583346247673,
        70.83333492279053,
        68.20833504199982,
        70.916668176651,
        70.87500154972076,
        72.83333480358124,
        69.54166829586029
    ],
    "standard_dev": [
        17.127027053964454,
        9.370461261000926,
        13.268134480476403,
        13.101168692176406,
        9.105858308828822,
        8.316753833706732,
        8.775359766245769,
        10.35221670918521,
        6.994044623079625,
        4.339938650954455
    ],
    "timings": [
        20.698912382125854,
        27.468817234039307,
        22.973417282104492,
        20.201692819595337,
        22.69438123703003,
        25.725778341293335,
        21.435475826263428,
        24.335411548614502,
        21.26689076423645,
        22.304325342178345
    ],
    "average accuracy": 71.26666814088821,
    "average standard_dev": 10.07509633796188,
    "average timing": 22.91051027774811
}