{
    "accuracy": [
        61.000001728534706,
        60.20833492279053,
        58.33333522081375,
        58.83333534002304,
        52.95833498239517,
        54.95833486318589,
        57.625001668930054,
        53.66666853427887,
        55.625001192092896,
        56.95833504199982
    ],
    "standard_dev": [
        10.115994080370628,
        12.773738695508777,
        12.758439646563879,
        8.098353409740037,
        8.208333666857206,
        8.325934807483767,
        7.90141114008304,
        7.063207305853905,
        11.157412665494029,
        6.744468432552468
    ],
    "timings": [
        25.63019108772278,
        27.37153387069702,
        25.486709356307983,
        25.348474502563477,
        25.92879605293274,
        25.370164155960083,
        31.217051029205322,
        25.407899379730225,
        25.013330459594727,
        25.200999975204468
    ],
    "average accuracy": 57.01666834950447,
    "average standard_dev": 9.314729385050775,
    "average timing": 26.197514986991884
}