{
    "accuracy": [
        66.2083351612091,
        67.54166841506958,
        67.50000178813934,
        63.583335280418396,
        66.12500160932541,
        68.2083347439766,
        70.87500154972076,
        66.25000149011612,
        67.66666829586029,
        68.12500149011612
    ],
    "standard_dev": [
        8.17866835610615,
        8.673174096938217,
        10.199400136357374,
        9.944637853050246,
        12.599671796417661,
        12.213451503713705,
        10.772988379423058,
        10.403324810545051,
        12.999999630145561,
        10.81288114687829
    ],
    "timings": [
        20.734394073486328,
        19.146642446517944,
        19.948116540908813,
        18.646894931793213,
        19.27444887161255,
        19.3765869140625,
        19.479003190994263,
        18.76071786880493,
        18.689642429351807,
        21.616493701934814
    ],
    "average accuracy": 67.20833498239517,
    "average standard_dev": 10.679819770957533,
    "average timing": 19.567294096946718
}