{
    "accuracy": [
        74.75000113248825,
        78.08333456516266,
        69.58333492279053,
        72.20833480358124,
        69.45833504199982,
        72.83333450555801,
        70.83333492279053,
        74.16666805744171,
        70.91666758060455,
        72.08333492279053
    ],
    "standard_dev": [
        12.660360103641121,
        7.4353691386895795,
        6.489842347945691,
        8.215943606951495,
        11.359115100734304,
        14.453949519515133,
        10.034661489007412,
        7.573711377177079,
        13.552624169743165,
        14.323881609230412
    ],
    "timings": [
        46.33717393875122,
        45.828540086746216,
        45.400625705718994,
        53.3164176940918,
        46.12244391441345,
        46.261207818984985,
        46.33198928833008,
        45.92864465713501,
        46.53667140007019,
        47.56393241882324
    ],
    "average accuracy": 72.49166804552078,
    "average standard_dev": 10.609945846263539,
    "average timing": 46.96276469230652
}