{
    "accuracy": [
        74.87500131130219,
        72.95833468437195,
        76.83333456516266,
        79.54166769981384,
        75.41666805744171,
        73.50000143051147,
        78.16666781902313,
        75.45833468437195,
        74.87500131130219,
        74.87500131130219
    ],
    "standard_dev": [
        10.941843827384224,
        12.024930345322993,
        6.075908393996182,
        10.284916397287716,
        9.077214424614418,
        8.958235874680916,
        8.38152686384098,
        7.998371672565939,
        8.148043898222534,
        9.174333492186943
    ],
    "timings": [
        64.46124982833862,
        63.62735152244568,
        62.4973680973053,
        66.19101905822754,
        62.255492210388184,
        61.93333458900452,
        62.29604744911194,
        62.36667513847351,
        63.1013240814209,
        63.182766914367676
    ],
    "average accuracy": 75.65000128746033,
    "average standard_dev": 9.106532519010287,
    "average timing": 63.19126288890838
}