{
    "accuracy": [
        74.83333468437195,
        68.87500137090683,
        73.58333468437195,
        70.12500166893005,
        70.95833480358124,
        72.20833450555801,
        72.791668176651,
        74.12500113248825,
        68.87500137090683,
        68.87500137090683
    ],
    "standard_dev": [
        12.570909230828489,
        11.925768681151085,
        10.878431349471025,
        9.2121026166208,
        9.017825598907391,
        10.580462358653357,
        7.701122171872236,
        12.870144522420087,
        11.155544765011692,
        14.298467520719822
    ],
    "timings": [
        266.61258578300476,
        258.51114678382874,
        258.4638421535492,
        259.3676726818085,
        259.2701303958893,
        258.87149810791016,
        259.2573642730713,
        259.8756911754608,
        259.088463306427,
        262.0775592327118
    ],
    "average accuracy": 71.5250013768673,
    "average standard_dev": 11.0210778815656,
    "average timing": 260.13959538936615
}