{
    "accuracy": [
        0.8275862068965517,
        0.8275862068965517,
        0.8275862068965517,
        0.8275862068965517,
        0.8275862068965517,
        0.8275862068965517,
        0.8275862068965517,
        0.8275862068965517,
        0.8275862068965517,
        0.8275862068965517
    ],
    "full_timings": [
        0.04512453079223633,
        0.09046721458435059,
        0.13614273071289062,
        0.18095993995666504,
        0.22596025466918945,
        0.27057576179504395,
        0.31551623344421387,
        0.36080360412597656,
        0.4052920341491699,
        0.45028018951416016
    ],
    "time_without_template": [
        0.014351129531860352,
        0.028838396072387695,
        0.04335474967956543,
        0.05770277976989746,
        0.07195687294006348,
        0.08606338500976562,
        0.10035300254821777,
        0.11475706100463867,
        0.1288464069366455,
        0.1431257724761963
    ],
    "average accuracy": 0.8275862068965518,
    "average full time": 0.24811224937438964,
    "average time without template": 0.07893495559692383
}