{
    "accuracy": [
        0.6896551724137931,
        0.6896551724137931,
        0.6896551724137931,
        0.6896551724137931,
        0.6896551724137931,
        0.6896551724137931,
        0.6896551724137931,
        0.6896551724137931,
        0.6896551724137931,
        0.6896551724137931
    ],
    "full_timings": [
        0.21792101860046387,
        0.43326687812805176,
        0.6482722759246826,
        0.8627910614013672,
        1.077599048614502,
        1.2940547466278076,
        1.50827956199646,
        1.7225146293640137,
        1.9410555362701416,
        2.1574292182922363
    ],
    "time_without_template": [
        0.1021413803100586,
        0.20386695861816406,
        0.305269718170166,
        0.40668320655822754,
        0.5084104537963867,
        0.6107690334320068,
        0.7123208045959473,
        0.813838005065918,
        0.9178109169006348,
        1.0200872421264648
    ],
    "average accuracy": 0.6896551724137933,
    "average full time": 1.1863183975219727,
    "average time without template": 0.5601197719573975
}