{
    "accuracy": [
        0.6637931034482759,
        0.6637931034482759,
        0.6637931034482759,
        0.6637931034482759,
        0.6637931034482759,
        0.6637931034482759,
        0.6637931034482759,
        0.6637931034482759,
        0.6637931034482759,
        0.6637931034482759
    ],
    "full_timings": [
        0.04939866065979004,
        0.09907889366149902,
        0.14857935905456543,
        0.19802284240722656,
        0.24749326705932617,
        0.2965099811553955,
        0.34537720680236816,
        0.3942558765411377,
        0.4440906047821045,
        0.493314266204834
    ],
    "time_without_template": [
        0.006271839141845703,
        0.012552261352539062,
        0.018709421157836914,
        0.02489304542541504,
        0.031078577041625977,
        0.03719758987426758,
        0.043306827545166016,
        0.04941701889038086,
        0.055663108825683594,
        0.06182241439819336
    ],
    "average accuracy": 0.6637931034482759,
    "average full time": 0.2716120958328247,
    "average time without template": 0.03409121036529541
}