{
    "accuracy": [
        57.66666769981384,
        61.00000083446503,
        59.00000035762787,
        58.00000071525574,
        61.000000238418586,
        59.333334267139435,
        61.000001728534706,
        59.33333396911621,
        56.333334147930145,
        60.3333342075348
    ],
    "standard_dev": [
        8.306624025564119,
        4.725815029258209,
        6.839428189784299,
        5.8118649800114675,
        5.385164689072757,
        7.859883992385597,
        9.666666049381856,
        10.198038497264731,
        8.74960337072952,
        6.741249291287109
    ],
    "timings": [
        24.59424090385437,
        24.54596471786499,
        24.495453357696533,
        24.65306806564331,
        25.31964659690857,
        24.957890272140503,
        25.456410884857178,
        25.596304178237915,
        24.828047513961792,
        24.947808504104614
    ],
    "average accuracy": 59.30000081658363,
    "average standard_dev": 7.428433811473965,
    "average timing": 24.93948349952698
}