{
    "accuracy": [
        76.00000023841858,
        75.00000059604645,
        73.66666674613953,
        75.0,
        71.66666626930237,
        73.00000011920929,
        71.99999988079071,
        72.0000010728836,
        74.00000035762787,
        74.33333337306976
    ],
    "standard_dev": [
        8.000000168879934,
        4.77260725699386,
        6.4031231576259175,
        6.871841938362931,
        5.217491541312906,
        6.741248259746064,
        7.023768976216275,
        8.717797504202613,
        4.666666133063401,
        7.00000050522042
    ],
    "timings": [
        27.55525779724121,
        27.265304565429688,
        27.453415870666504,
        27.176830053329468,
        27.636690616607666,
        27.61209750175476,
        27.192309141159058,
        27.322141647338867,
        27.1898033618927,
        27.180481672286987
    ],
    "average accuracy": 73.66666686534882,
    "average standard_dev": 6.541454544162431,
    "average timing": 27.358433222770692
}