{
    "accuracy": [
        67.33333349227905,
        68.00000011920929,
        70.33333361148834,
        68.33333313465118,
        66.66666686534882,
        67.6666671037674,
        68.66666734218597,
        68.33333432674408,
        68.66666734218597,
        66.66666686534882
    ],
    "standard_dev": [
        7.423685535200335,
        8.45905123640941,
        6.403123933349423,
        4.772606424400084,
        7.45355921417257,
        8.69865866749311,
        8.459051706159801,
        7.637625507919861,
        10.132455733740962,
        4.944132030037406
    ],
    "timings": [
        35.486894845962524,
        35.26972246170044,
        35.57667255401611,
        34.19847750663757,
        34.14485955238342,
        34.23428773880005,
        34.272743225097656,
        34.43943452835083,
        34.92622399330139,
        34.37785792350769
    ],
    "average accuracy": 68.06666702032089,
    "average standard_dev": 7.438394998888296,
    "average timing": 34.69271743297577
}