{
    "accuracy": [
        79.99999940395355,
        77.6666659116745,
        79.66666579246521,
        77.66666650772095,
        80.99999964237213,
        80.0,
        77.66666650772095,
        81.33333384990692,
        75.0000011920929,
        79.00000035762787
    ],
    "standard_dev": [
        6.146362281925403,
        8.034646976206274,
        5.044248408561841,
        7.000000363304617,
        8.698658210682122,
        6.992059139349936,
        5.972156517889901,
        5.999999112553161,
        9.339283207565423,
        3.3499577772668085
    ],
    "timings": [
        423.2087941169739,
        416.49464750289917,
        417.33164501190186,
        422.4785749912262,
        421.6380729675293,
        424.8885657787323,
        422.8742687702179,
        424.71733045578003,
        424.23216700553894,
        422.2668299674988
    ],
    "average accuracy": 78.8999999165535,
    "average standard_dev": 6.6577371995305485,
    "average timing": 422.01308965682983
}