{
    "accuracy": [
        82.33333230018616,
        78.33333313465118,
        76.99999928474426,
        80.3333330154419,
        76.99999988079071,
        80.99999964237213,
        80.66666722297668,
        78.99999976158142,
        78.99999916553497,
        79.9999988079071
    ],
    "standard_dev": [
        8.034646951478102,
        5.00000059604659,
        7.5203424260059455,
        5.259910493676853,
        6.741248849198109,
        6.333333347973233,
        7.999999324480779,
        5.58768551618317,
        8.825468672343819,
        6.666666269302474
    ],
    "timings": [
        85.12598848342896,
        84.42673110961914,
        84.57141613960266,
        85.43067288398743,
        84.39552974700928,
        85.27724409103394,
        85.15249609947205,
        85.12383651733398,
        85.38014578819275,
        84.72343921661377
    ],
    "average accuracy": 79.46666622161865,
    "average standard_dev": 6.796930244668907,
    "average timing": 84.9607500076294
}