{
    "accuracy": [
        61.33333384990692,
        65.00000059604645,
        64.6666669845581,
        63.333333730697625,
        63.00000071525573,
        62.666667699813836,
        64.6666669845581,
        63.66666734218598,
        66.00000023841858,
        64.00000154972076
    ],
    "standard_dev": [
        8.71779809675317,
        6.5404719762171855,
        7.483313584107138,
        6.3245543150759005,
        5.259910493676853,
        10.624917592246543,
        9.09212128865928,
        8.7496027008565,
        6.110101017655543,
        6.96020426695866
    ],
    "timings": [
        56.73216152191162,
        57.06927251815796,
        57.09875440597534,
        56.32781219482422,
        56.864301919937134,
        57.080185413360596,
        57.064868688583374,
        56.76630687713623,
        57.2265305519104,
        57.06243062019348
    ],
    "average accuracy": 63.83333396911621,
    "average standard_dev": 7.586299533220677,
    "average timing": 56.92926247119904
}