{
    "accuracy": [
        1.0,
        1.0,
        1.0,
        1.0,
        1.0,
        1.0,
        1.0,
        1.0,
        1.0,
        1.0
    ],
    "full_timings": [
        0.6354167461395264,
        1.3335001468658447,
        1.9842393398284912,
        2.592374801635742,
        3.2133677005767822,
        3.8330795764923096,
        4.467467546463013,
        5.101553916931152,
        5.7137675285339355,
        6.322969913482666
    ],
    "time_without_template": [
        0.09201908111572266,
        0.20215797424316406,
        0.2997756004333496,
        0.3886847496032715,
        0.4792919158935547,
        0.5711140632629395,
        0.6682722568511963,
        0.7614407539367676,
        0.8509023189544678,
        0.941476583480835
    ],
    "average accuracy": 1.0,
    "average full time": 3.5197737216949463,
    "average time without template": 0.5255135297775269
}