{
    "accuracy": [
        0.6766666666666666,
        0.6766666666666666,
        0.6766666666666666,
        0.6766666666666666,
        0.6766666666666666,
        0.6766666666666666,
        0.6766666666666666,
        0.6766666666666666,
        0.6766666666666666,
        0.6766666666666666
    ],
    "full_timings": [
        3438.122829914093,
        6877.364154577255,
        10317.415865898132,
        13758.829629659653,
        17200.71864104271,
        20646.546093702316,
        24094.737189531326,
        27569.25914120674,
        31088.36524581909,
        34606.28891611099
    ],
    "time_without_template": [
        0.02498912811279297,
        0.05007529258728027,
        0.07503604888916016,
        0.09987902641296387,
        0.12454843521118164,
        0.14945363998413086,
        0.17444205284118652,
        0.19944143295288086,
        0.22485804557800293,
        0.24996662139892578
    ],
    "average accuracy": 0.6766666666666666,
    "average full time": 18959.76477074623,
    "average time without template": 0.1372689723968506
}