{
    "accuracy": [
        0.7366666666666667,
        0.7366666666666667,
        0.7366666666666667,
        0.7366666666666667,
        0.7366666666666667,
        0.7366666666666667,
        0.7366666666666667,
        0.7366666666666667,
        0.7366666666666667,
        0.7366666666666667
    ],
    "full_timings": [
        0.9891386032104492,
        1.8119828701019287,
        2.6701319217681885,
        3.4989383220672607,
        4.3063108921051025,
        5.1198248863220215,
        6.000369071960449,
        6.820284366607666,
        7.651767730712891,
        8.46707534790039
    ],
    "time_without_template": [
        0.35234689712524414,
        0.6546313762664795,
        0.9643113613128662,
        1.2677273750305176,
        1.5602779388427734,
        1.8516230583190918,
        2.1737778186798096,
        2.4715776443481445,
        2.7712020874023438,
        3.0632925033569336
    ],
    "average accuracy": 0.7366666666666666,
    "average full time": 4.733582401275635,
    "average time without template": 1.7130768060684205
}