{
    "accuracy": [
        0.79,
        0.79,
        0.79,
        0.79,
        0.79,
        0.79,
        0.79,
        0.79,
        0.79,
        0.79
    ],
    "full_timings": [
        0.2079482078552246,
        0.41182374954223633,
        0.6338400840759277,
        0.8673667907714844,
        1.1035351753234863,
        1.3126587867736816,
        1.5114786624908447,
        1.7129263877868652,
        1.9308345317840576,
        2.156928777694702
    ],
    "time_without_template": [
        0.04617047309875488,
        0.09125804901123047,
        0.14210271835327148,
        0.19485712051391602,
        0.24841737747192383,
        0.2949695587158203,
        0.3384735584259033,
        0.3836369514465332,
        0.4325833320617676,
        0.4854598045349121
    ],
    "average accuracy": 0.79,
    "average full time": 1.1849341154098512,
    "average time without template": 0.2657928943634033
}